{"cameraMode":{"drawMode":0,"name":"Shaded","section":"Shading Mode"},"sceneLighting":true,"audioPlay":false,"sceneViewState":{"showFog":true,"showMaterialUpdate":false,"showSkybox":true,"showFlares":true,"showImageEffects":true,"showParticleSystems":true},"in2DMode":false,"pivot":{"x":80.87093353271485,"y":-158.64500427246095,"z":391.15472412109377},"rotation":{"x":-0.19965699315071107,"y":-0.0537654310464859,"z":0.010986506007611752,"w":-0.978365421295166},"size":237.16871643066407,"orthographic":false}